Workbook

Sheet WBS
A1: № работы | B1: Название работы | C1: Паралл. | D1: BI-разработчик | E1: Backend-разработчик | F1: Data Engineer | G1: DevOps | H1: Pentester | I1: Performance Engineer | J1: QA-инженер | K1: Администратор БД | L1: Архитектор | M1: Архитектор ПО | N1: Архитектор безопасности | O1: Архитектор данных | P1: Инженер БД | Q1: Инженер инфраструктуры | R1: Инженер надежности | S1: Инженер по нагрузке | T1: Инженер развертывания | U1: Интеграционный архитектор | V1: Интеграционный разработчик | W1: Проектный менеджер | X1: Системный аналитик | Y1: Специалист ИБ | Z1: Тестировщик | AA1: Технический писатель | AB1: Стоимость (руб)
A2: 1 | B2: Планирование и анализ | D2: 0 | E2: 0 | F2: 0 | G2: 0 | H2: 0 | I2: 0 | J2: 0 | K2: 0 | L2: 0 | M2: 0 | N2: 0 | O2: 0 | P2: 0 | Q2: 0 | R2: 0 | S2: 0 | T2: 0 | U2: 0 | V2: 0 | W2: 0 | X2: 0 | Y2: 0 | Z2: 0 | AA2: 0 | AB2: 0
A3: 1.1 | B3: Анализ требований и декомпозиция | C3: 🔄 | D3: 0 | E3: 0 | F3: 0 | G3: 0 | H3: 0 | I3: 0 | J3: 0 | K3: 0 | L3: 49 | M3: 0 | N3: 0 | O3: 0 | P3: 0 | Q3: 0 | R3: 0 | S3: 0 | T3: 0 | U3: 0 | V3: 0 | W3: 0 | X3: 49 | Y3: 0 | Z3: 0 | AA3: 0 | AB3: =IF(L3=0,0,L3*VLOOKUP("Архитектор",'Ставки профессий'!$A:$B,2,FALSE))+IF(X3=0,0,X3*VLOOKUP("Системный аналитик",'Ставки профессий'!$A:$B,2,FALSE))
A4: 1.1.1 | B4: Сбор и анализ функциональных требований | C4: 🔄 | D4: 0 | E4: 0 | F4: 0 | G4: 0 | H4: 0 | I4: 0 | J4: 0 | K4: 0 | L4: 0 | M4: 0 | N4: 0 | O4: 0 | P4: 0 | Q4: 0 | R4: 0 | S4: 0 | T4: 0 | U4: 0 | V4: 0 | W4: 0 | X4: 16 | Y4: 0 | Z4: 0 | AA4: 0 | AB4: =IF(X4=0,0,X4*VLOOKUP("Системный аналитик",'Ставки профессий'!$A:$B,2,FALSE))
A5: 1.1.2 | B5: Анализ нефункциональных требований и ограничений | C5: 🔄 | D5: 0 | E5: 0 | F5: 0 | G5: 0 | H5: 0 | I5: 0 | J5: 0 | K5: 0 | L5: 8 | M5: 0 | N5: 0 | O5: 0 | P5: 0 | Q5: 0 | R5: 0 | S5: 0 | T5: 0 | U5: 0 | V5: 0 | W5: 0 | X5: 8 | Y5: 0 | Z5: 0 | AA5: 0 | AB5: =IF(L5=0,0,L5*VLOOKUP("Архитектор",'Ставки профессий'!$A:$B,2,FALSE))+IF(X5=0,0,X5*VLOOKUP("Системный аналитик",'Ставки профессий'!$A:$B,2,FALSE))
A6: 1.1.3 | B6: Формирование структуры ТЗ согласно 644-П | C6: 🔄 | D6: 0 | E6: 0 | F6: 0 | G6: 0 | H6: 0 | I6: 0 | J6: 0 | K6: 0 | L6: 0 | M6: 0 | N6: 0 | O6: 0 | P6: 0 | Q6: 0 | R6: 0 | S6: 0 | T6: 0 | U6: 0 | V6: 0 | W6: 0 | X6: 12 | Y6: 0 | Z6: 0 | AA6: 0 | AB6: =IF(X6=0,0,X6*VLOOKUP("Системный аналитик",'Ставки профессий'!$A:$B,2,FALSE))
A7: 1.1.4 | B7: Разработка разделов ТЗ | D7: 0 | E7: 0 | F7: 0 | G7: 0 | H7: 0 | I7: 0 | J7: 0 | K7: 0 | L7: 14 | M7: 0 | N7: 0 | O7: 0 | P7: 0 | Q7: 0 | R7: 0 | S7: 0 | T7: 0 | U7: 0 | V7: 0 | W7: 0 | X7: 14 | Y7: 0 | Z7: 0 | AA7: 0 | AB7: =IF(L7=0,0,L7*VLOOKUP("Архитектор",'Ставки профессий'!$A:$B,2,FALSE))+IF(X7=0,0,X7*VLOOKUP("Системный аналитик",'Ставки профессий'!$A:$B,2,FALSE))
A8: 1.1.5 | B8: Создание матрицы трассировки требований | D8: 0 | E8: 0 | F8: 0 | G8: 0 | H8: 0 | I8: 0 | J8: 0 | K8: 0 | L8: 0 | M8: 0 | N8: 0 | O8: 0 | P8: 0 | Q8: 0 | R8: 0 | S8: 0 | T8: 0 | U8: 0 | V8: 0 | W8: 0 | X8: 10 | Y8: 0 | Z8: 0 | AA8: 0 | AB8: =IF(X8=0,0,X8*VLOOKUP("Системный аналитик",'Ставки профессий'!$A:$B,2,FALSE))
A9: 1.1.6 | B9: Согласование и финализация ТЗ | D9: 0 | E9: 0 | F9: 0 | G9: 0 | H9: 0 | I9: 0 | J9: 0 | K9: 0 | L9: 8 | M9: 0 | N9: 0 | O9: 0 | P9: 0 | Q9: 0 | R9: 0 | S9: 0 | T9: 0 | U9: 0 | V9: 0 | W9: 0 | X9: 8 | Y9: 0 | Z9: 0 | AA9: 0 | AB9: =IF(L9=0,0,L9*VLOOKUP("Архитектор",'Ставки профессий'!$A:$B,2,FALSE))+IF(X9=0,0,X9*VLOOKUP("Системный аналитик",'Ставки профессий'!$A:$B,2,FALSE))
A10: 1.2 | B10: Планирование инфраструктуры и ресурсов | C10: 🔄 | D10: 0 | E10: 0 | F10: 0 | G10: 0 | H10: 0 | I10: 0 | J10: 0 | K10: 0 | L10: 0 | M10: 0 | N10: 0 | O10: 0 | P10: 0 | Q10: 20 | R10: 0 | S10: 0 | T10: 0 | U10: 0 | V10: 0 | W10: 20 | X10: 0 | Y10: 0 | Z10: 0 | AA10: 0 | AB10: =IF(Q10=0,0,Q10*VLOOKUP("Инженер инфраструктуры",'Ставки профессий'!$A:$B,2,FALSE))+IF(W10=0,0,W10*VLOOKUP("Проектный менеджер",'Ставки профессий'!$A:$B,2,FALSE))
A11: 1.2.1 | B11: Анализ требований к инфраструктуре зон развертывания | C11: 🔄 | D11: 0 | E11: 0 | F11: 0 | G11: 0 | H11: 0 | I11: 0 | J11: 0 | K11: 0 | L11: 0 | M11: 0 | N11: 0 | O11: 0 | P11: 0 | Q11: 4 | R11: 0 | S11: 0 | T11: 0 | U11: 0 | V11: 0 | W11: 0 | X11: 0 | Y11: 0 | Z11: 0 | AA11: 0 | AB11: =IF(Q11=0,0,Q11*VLOOKUP("Инженер инфраструктуры",'Ставки профессий'!$A:$B,2,FALSE))
A12: 1.2.2 | B12: Расчет ресурсов для обеспечения RPO/RTO | D12: 0 | E12: 0 | F12: 0 | G12: 0 | H12: 0 | I12: 0 | J12: 0 | K12: 0 | L12: 0 | M12: 0 | N12: 0 | O12: 0 | P12: 0 | Q12: 12 | R12: 0 | S12: 0 | T12: 0 | U12: 0 | V12: 0 | W12: 0 | X12: 0 | Y12: 0 | Z12: 0 | AA12: 0 | AB12: =IF(Q12=0,0,Q12*VLOOKUP("Инженер инфраструктуры",'Ставки профессий'!$A:$B,2,FALSE))
A13: 1.2.3 | B13: Планирование катастрофоустойчивости | D13: 0 | E13: 0 | F13: 0 | G13: 0 | H13: 0 | I13: 0 | J13: 0 | K13: 0 | L13: 0 | M13: 0 | N13: 0 | O13: 0 | P13: 0 | Q13: 4 | R13: 0 | S13: 0 | T13: 0 | U13: 0 | V13: 0 | W13: 0 | X13: 0 | Y13: 0 | Z13: 0 | AA13: 0 | AB13: =IF(Q13=0,0,Q13*VLOOKUP("Инженер инфраструктуры",'Ставки профессий'!$A:$B,2,FALSE))
A14: 1.2.4 | B14: Составление карты компетенций поддержки | C14: 🔄 | D14: 0 | E14: 0 | F14: 0 | G14: 0 | H14: 0 | I14: 0 | J14: 0 | K14: 0 | L14: 0 | M14: 0 | N14: 0 | O14: 0 | P14: 0 | Q14: 0 | R14: 0 | S14: 0 | T14: 0 | U14: 0 | V14: 0 | W14: 12 | X14: 0 | Y14: 0 | Z14: 0 | AA14: 0 | AB14: =IF(W14=0,0,W14*VLOOKUP("Проектный менеджер",'Ставки профессий'!$A:$B,2,FALSE))
A15: 1.2.5 | B15: Формирование плана инфраструктуры | D15: 0 | E15: 0 | F15: 0 | G15: 0 | H15: 0 | I15: 0 | J15: 0 | K15: 0 | L15: 0 | M15: 0 | N15: 0 | O15: 0 | P15: 0 | Q15: 4 | R15: 0 | S15: 0 | T15: 0 | U15: 0 | V15: 0 | W15: 4 | X15: 0 | Y15: 0 | Z15: 0 | AA15: 0 | AB15: =IF(Q15=0,0,Q15*VLOOKUP("Инженер инфраструктуры",'Ставки профессий'!$A:$B,2,FALSE))+IF(W15=0,0,W15*VLOOKUP("Проектный менеджер",'Ставки профессий'!$A:$B,2,FALSE))
A16: 2 | B16: Проектирование | D16: 0 | E16: 0 | F16: 0 | G16: 0 | H16: 0 | I16: 0 | J16: 0 | K16: 0 | L16: 0 | M16: 0 | N16: 0 | O16: 0 | P16: 0 | Q16: 0 | R16: 0 | S16: 0 | T16: 0 | U16: 0 | V16: 0 | W16: 0 | X16: 0 | Y16: 0 | Z16: 0 | AA16: 0 | AB16: 0
A17: 2.1 | B17: Архитектурное проектирование | D17: 0 | E17: 0 | F17: 0 | G17: 0 | H17: 0 | I17: 0 | J17: 0 | K17: 0 | L17: 0 | M17: 37 | N17: 0 | O17: 0 | P17: 37 | Q17: 0 | R17: 0 | S17: 0 | T17: 0 | U17: 0 | V17: 0 | W17: 0 | X17: 0 | Y17: 0 | Z17: 0 | AA17: 0 | AB17: =IF(M17=0,0,M17*VLOOKUP("Архитектор ПО",'Ставки профессий'!$A:$B,2,FALSE))+IF(P17=0,0,P17*VLOOKUP("Инженер БД",'Ставки профессий'!$A:$B,2,FALSE))
A18: 2.1.1 | B18: Проектирование трехзвенной архитектуры | D18: 0 | E18: 0 | F18: 0 | G18: 0 | H18: 0 | I18: 0 | J18: 0 | K18: 0 | L18: 0 | M18: 16 | N18: 0 | O18: 0 | P18: 0 | Q18: 0 | R18: 0 | S18: 0 | T18: 0 | U18: 0 | V18: 0 | W18: 0 | X18: 0 | Y18: 0 | Z18: 0 | AA18: 0 | AB18: =IF(M18=0,0,M18*VLOOKUP("Архитектор ПО",'Ставки профессий'!$A:$B,2,FALSE))
A19: 2.1.2 | B19: Проектирование многозонового развертывания | D19: 0 | E19: 0 | F19: 0 | G19: 0 | H19: 0 | I19: 0 | J19: 0 | K19: 0 | L19: 0 | M19: 16 | N19: 0 | O19: 0 | P19: 0 | Q19: 0 | R19: 0 | S19: 0 | T19: 0 | U19: 0 | V19: 0 | W19: 0 | X19: 0 | Y19: 0 | Z19: 0 | AA19: 0 | AB19: =IF(M19=0,0,M19*VLOOKUP("Архитектор ПО",'Ставки профессий'!$A:$B,2,FALSE))
A20: 2.1.3 | B20: Проектирование схемы катастрофоустойчивости | C20: 🔄 | D20: 0 | E20: 0 | F20: 0 | G20: 0 | H20: 0 | I20: 0 | J20: 0 | K20: 0 | L20: 0 | M20: 8 | N20: 0 | O20: 0 | P20: 8 | Q20: 0 | R20: 0 | S20: 0 | T20: 0 | U20: 0 | V20: 0 | W20: 0 | X20: 0 | Y20: 0 | Z20: 0 | AA20: 0 | AB20: =IF(M20=0,0,M20*VLOOKUP("Архитектор ПО",'Ставки профессий'!$A:$B,2,FALSE))+IF(P20=0,0,P20*VLOOKUP("Инженер БД",'Ставки профессий'!$A:$B,2,FALSE))
A21: 2.1.4 | B21: Разработка стратегии резервного копирования | D21: 0 | E21: 0 | F21: 0 | G21: 0 | H21: 0 | I21: 0 | J21: 0 | K21: 0 | L21: 0 | M21: 0 | N21: 0 | O21: 0 | P21: 14 | Q21: 0 | R21: 0 | S21: 0 | T21: 0 | U21: 0 | V21: 0 | W21: 0 | X21: 0 | Y21: 0 | Z21: 0 | AA21: 0 | AB21: =IF(P21=0,0,P21*VLOOKUP("Инженер БД",'Ставки профессий'!$A:$B,2,FALSE))
A22: 2.1.5 | B22: Оформление архитектурной документации | D22: 0 | E22: 0 | F22: 0 | G22: 0 | H22: 0 | I22: 0 | J22: 0 | K22: 0 | L22: 0 | M22: 12 | N22: 0 | O22: 0 | P22: 0 | Q22: 0 | R22: 0 | S22: 0 | T22: 0 | U22: 0 | V22: 0 | W22: 0 | X22: 0 | Y22: 0 | Z22: 0 | AA22: 0 | AB22: =IF(M22=0,0,M22*VLOOKUP("Архитектор ПО",'Ставки профессий'!$A:$B,2,FALSE))
A23: 2.2 | B23: Проектирование подсистемы хранения и обработки | C23: 🔄 | D23: 0 | E23: 0 | F23: 59 | G23: 0 | H23: 0 | I23: 0 | J23: 0 | K23: 0 | L23: 0 | M23: 0 | N23: 0 | O23: 59 | P23: 0 | Q23: 0 | R23: 0 | S23: 0 | T23: 0 | U23: 0 | V23: 0 | W23: 0 | X23: 0 | Y23: 0 | Z23: 0 | AA23: 0 | AB23: =IF(F23=0,0,F23*VLOOKUP("Data Engineer",'Ставки профессий'!$A:$B,2,FALSE))+IF(O23=0,0,O23*VLOOKUP("Архитектор данных",'Ставки профессий'!$A:$B,2,FALSE))
A24: 2.2.1 | B24: Проектирование модели Raw Data Vault | C24: 🔄 | D24: 0 | E24: 0 | F24: 0 | G24: 0 | H24: 0 | I24: 0 | J24: 0 | K24: 0 | L24: 0 | M24: 0 | N24: 0 | O24: 24 | P24: 0 | Q24: 0 | R24: 0 | S24: 0 | T24: 0 | U24: 0 | V24: 0 | W24: 0 | X24: 0 | Y24: 0 | Z24: 0 | AA24: 0 | AB24: =IF(O24=0,0,O24*VLOOKUP("Архитектор данных",'Ставки профессий'!$A:$B,2,FALSE))
A25: 2.2.2 | B25: Проектирование модели Business Data Vault | D25: 0 | E25: 0 | F25: 0 | G25: 0 | H25: 0 | I25: 0 | J25: 0 | K25: 0 | L25: 0 | M25: 0 | N25: 0 | O25: 24 | P25: 0 | Q25: 0 | R25: 0 | S25: 0 | T25: 0 | U25: 0 | V25: 0 | W25: 0 | X25: 0 | Y25: 0 | Z25: 0 | AA25: 0 | AB25: =IF(O25=0,0,O25*VLOOKUP("Архитектор данных",'Ставки профессий'!$A:$B,2,FALSE))
A26: 2.2.3 | B26: Проектирование витрин данных | D26: 0 | E26: 0 | F26: 8 | G26: 0 | H26: 0 | I26: 0 | J26: 0 | K26: 0 | L26: 0 | M26: 0 | N26: 0 | O26: 8 | P26: 0 | Q26: 0 | R26: 0 | S26: 0 | T26: 0 | U26: 0 | V26: 0 | W26: 0 | X26: 0 | Y26: 0 | Z26: 0 | AA26: 0 | AB26: =IF(F26=0,0,F26*VLOOKUP("Data Engineer",'Ставки профессий'!$A:$B,2,FALSE))+IF(O26=0,0,O26*VLOOKUP("Архитектор данных",'Ставки профессий'!$A:$B,2,FALSE))
A27: 2.2.4 | B27: Проектирование ETL-процессов загрузки | C27: 🔄 | D27: 0 | E27: 0 | F27: 32 | G27: 0 | H27: 0 | I27: 0 | J27: 0 | K27: 0 | L27: 0 | M27: 0 | N27: 0 | O27: 0 | P27: 0 | Q27: 0 | R27: 0 | S27: 0 | T27: 0 | U27: 0 | V27: 0 | W27: 0 | X27: 0 | Y27: 0 | Z27: 0 | AA27: 0 | AB27: =IF(F27=0,0,F27*VLOOKUP("Data Engineer",'Ставки профессий'!$A:$B,2,FALSE))
A28: 2.2.5 | B28: Проектирование стратегии репликации и восстановления | D28: 0 | E28: 0 | F28: 11 | G28: 0 | H28: 0 | I28: 0 | J28: 0 | K28: 0 | L28: 0 | M28: 0 | N28: 0 | O28: 11 | P28: 0 | Q28: 0 | R28: 0 | S28: 0 | T28: 0 | U28: 0 | V28: 0 | W28: 0 | X28: 0 | Y28: 0 | Z28: 0 | AA28: 0 | AB28: =IF(F28=0,0,F28*VLOOKUP("Data Engineer",'Ставки профессий'!$A:$B,2,FALSE))+IF(O28=0,0,O28*VLOOKUP("Архитектор данных",'Ставки профессий'!$A:$B,2,FALSE))
A29: 2.3 | B29: Проектирование безопасности и доступа | C29: 🔄 | D29: 0 | E29: 0 | F29: 0 | G29: 0 | H29: 0 | I29: 0 | J29: 0 | K29: 0 | L29: 0 | M29: 0 | N29: 50 | O29: 0 | P29: 0 | Q29: 0 | R29: 0 | S29: 0 | T29: 0 | U29: 0 | V29: 0 | W29: 0 | X29: 0 | Y29: 50 | Z29: 0 | AA29: 0 | AB29: =IF(N29=0,0,N29*VLOOKUP("Архитектор безопасности",'Ставки профессий'!$A:$B,2,FALSE))+IF(Y29=0,0,Y29*VLOOKUP("Специалист ИБ",'Ставки профессий'!$A:$B,2,FALSE))
A30: 2.3.1 | B30: Проектирование модели аутентификации и идентификации | C30: 🔄 | D30: 0 | E30: 0 | F30: 0 | G30: 0 | H30: 0 | I30: 0 | J30: 0 | K30: 0 | L30: 0 | M30: 0 | N30: 6 | O30: 0 | P30: 0 | Q30: 0 | R30: 0 | S30: 0 | T30: 0 | U30: 0 | V30: 0 | W30: 0 | X30: 0 | Y30: 6 | Z30: 0 | AA30: 0 | AB30: =IF(N30=0,0,N30*VLOOKUP("Архитектор безопасности",'Ставки профессий'!$A:$B,2,FALSE))+IF(Y30=0,0,Y30*VLOOKUP("Специалист ИБ",'Ставки профессий'!$A:$B,2,FALSE))
A31: 2.3.2 | B31: Проектирование ролевой модели и системы авторизации | D31: 0 | E31: 0 | F31: 0 | G31: 0 | H31: 0 | I31: 0 | J31: 0 | K31: 0 | L31: 0 | M31: 0 | N31: 12 | O31: 0 | P31: 0 | Q31: 0 | R31: 0 | S31: 0 | T31: 0 | U31: 0 | V31: 0 | W31: 0 | X31: 0 | Y31: 12 | Z31: 0 | AA31: 0 | AB31: =IF(N31=0,0,N31*VLOOKUP("Архитектор безопасности",'Ставки профессий'!$A:$B,2,FALSE))+IF(Y31=0,0,Y31*VLOOKUP("Специалист ИБ",'Ставки профессий'!$A:$B,2,FALSE))
A32: 2.3.3 | B32: Проектирование системы категоризации данных | C32: 🔄 | D32: 0 | E32: 0 | F32: 0 | G32: 0 | H32: 0 | I32: 0 | J32: 0 | K32: 0 | L32: 0 | M32: 0 | N32: 8 | O32: 0 | P32: 0 | Q32: 0 | R32: 0 | S32: 0 | T32: 0 | U32: 0 | V32: 0 | W32: 0 | X32: 0 | Y32: 8 | Z32: 0 | AA32: 0 | AB32: =IF(N32=0,0,N32*VLOOKUP("Архитектор безопасности",'Ставки профессий'!$A:$B,2,FALSE))+IF(Y32=0,0,Y32*VLOOKUP("Специалист ИБ",'Ставки профессий'!$A:$B,2,FALSE))
A33: 2.3.4 | B33: Проектирование механизма гранулированного доступа | D33: 0 | E33: 0 | F33: 0 | G33: 0 | H33: 0 | I33: 0 | J33: 0 | K33: 0 | L33: 0 | M33: 0 | N33: 8 | O33: 0 | P33: 0 | Q33: 0 | R33: 0 | S33: 0 | T33: 0 | U33: 0 | V33: 0 | W33: 0 | X33: 0 | Y33: 8 | Z33: 0 | AA33: 0 | AB33: =IF(N33=0,0,N33*VLOOKUP("Архитектор безопасности",'Ставки профессий'!$A:$B,2,FALSE))+IF(Y33=0,0,Y33*VLOOKUP("Специалист ИБ",'Ставки профессий'!$A:$B,2,FALSE))
A34: 2.3.5 | B34: Проектирование подсистемы аудита и контроля действий | D34: 0 | E34: 0 | F34: 0 | G34: 0 | H34: 0 | I34: 0 | J34: 0 | K34: 0 | L34: 0 | M34: 0 | N34: 8 | O34: 0 | P34: 0 | Q34: 0 | R34: 0 | S34: 0 | T34: 0 | U34: 0 | V34: 0 | W34: 0 | X34: 0 | Y34: 8 | Z34: 0 | AA34: 0 | AB34: =IF(N34=0,0,N34*VLOOKUP("Архитектор безопасности",'Ставки профессий'!$A:$B,2,FALSE))+IF(Y34=0,0,Y34*VLOOKUP("Специалист ИБ",'Ставки профессий'!$A:$B,2,FALSE))
A35: 2.3.6 | B35: Формирование итоговой модели безопасности и политик доступа | D35: 0 | E35: 0 | F35: 0 | G35: 0 | H35: 0 | I35: 0 | J35: 0 | K35: 0 | L35: 0 | M35: 0 | N35: 8 | O35: 0 | P35: 0 | Q35: 0 | R35: 0 | S35: 0 | T35: 0 | U35: 0 | V35: 0 | W35: 0 | X35: 0 | Y35: 8 | Z35: 0 | AA35: 0 | AB35: =IF(N35=0,0,N35*VLOOKUP("Архитектор безопасности",'Ставки профессий'!$A:$B,2,FALSE))+IF(Y35=0,0,Y35*VLOOKUP("Специалист ИБ",'Ставки профессий'!$A:$B,2,FALSE))
A36: 2.4 | B36: Проектирование интеграций | C36: 🔄 | D36: 0 | E36: 30 | F36: 0 | G36: 0 | H36: 0 | I36: 0 | J36: 0 | K36: 0 | L36: 0 | M36: 0 | N36: 0 | O36: 0 | P36: 0 | Q36: 0 | R36: 0 | S36: 0 | T36: 0 | U36: 30 | V36: 0 | W36: 0 | X36: 0 | Y36: 0 | Z36: 0 | AA36: 0 | AB36: =IF(E36=0,0,E36*VLOOKUP("Backend-разработчик",'Ставки профессий'!$A:$B,2,FALSE))+IF(U36=0,0,U36*VLOOKUP("Интеграционный архитектор",'Ставки профессий'!$A:$B,2,FALSE))
A37: 2.4.1 | B37: Проектирование интеграционной архитектуры | C37: 🔄 | D37: 0 | E37: 0 | F37: 0 | G37: 0 | H37: 0 | I37: 0 | J37: 0 | K37: 0 | L37: 0 | M37: 0 | N37: 0 | O37: 0 | P37: 0 | Q37: 0 | R37: 0 | S37: 0 | T37: 0 | U37: 4 | V37: 0 | W37: 0 | X37: 0 | Y37: 0 | Z37: 0 | AA37: 0 | AB37: =IF(U37=0,0,U37*VLOOKUP("Интеграционный архитектор",'Ставки профессий'!$A:$B,2,FALSE))
A38: 2.4.2 | B38: Проектирование интеграции с СУБД и хранилищами данных | D38: 0 | E38: 6 | F38: 0 | G38: 0 | H38: 0 | I38: 0 | J38: 0 | K38: 0 | L38: 0 | M38: 0 | N38: 0 | O38: 0 | P38: 0 | Q38: 0 | R38: 0 | S38: 0 | T38: 0 | U38: 6 | V38: 0 | W38: 0 | X38: 0 | Y38: 0 | Z38: 0 | AA38: 0 | AB38: =IF(E38=0,0,E38*VLOOKUP("Backend-разработчик",'Ставки профессий'!$A:$B,2,FALSE))+IF(U38=0,0,U38*VLOOKUP("Интеграционный архитектор",'Ставки профессий'!$A:$B,2,FALSE))
A39: 2.4.3 | B39: Проектирование интеграции порталов управления | C39: 🔄 | D39: 0 | E39: 4 | F39: 0 | G39: 0 | H39: 0 | I39: 0 | J39: 0 | K39: 0 | L39: 0 | M39: 0 | N39: 0 | O39: 0 | P39: 0 | Q39: 0 | R39: 0 | S39: 0 | T39: 0 | U39: 0 | V39: 0 | W39: 0 | X39: 0 | Y39: 0 | Z39: 0 | AA39: 0 | AB39: =IF(E39=0,0,E39*VLOOKUP("Backend-разработчик",'Ставки профессий'!$A:$B,2,FALSE))
A40: 2.4.4 | B40: Проектирование потоков передачи событий ИБ | C40: 🔄 | D40: 0 | E40: 0 | F40: 0 | G40: 0 | H40: 0 | I40: 0 | J40: 0 | K40: 0 | L40: 0 | M40: 0 | N40: 0 | O40: 0 | P40: 0 | Q40: 0 | R40: 0 | S40: 0 | T40: 0 | U40: 16 | V40: 0 | W40: 0 | X40: 0 | Y40: 0 | Z40: 0 | AA40: 0 | AB40: =IF(U40=0,0,U40*VLOOKUP("Интеграционный архитектор",'Ставки профессий'!$A:$B,2,FALSE))
A41: 2.4.5 | B41: Разработка API спецификаций | D41: 0 | E41: 24 | F41: 0 | G41: 0 | H41: 0 | I41: 0 | J41: 0 | K41: 0 | L41: 0 | M41: 0 | N41: 0 | O41: 0 | P41: 0 | Q41: 0 | R41: 0 | S41: 0 | T41: 0 | U41: 0 | V41: 0 | W41: 0 | X41: 0 | Y41: 0 | Z41: 0 | AA41: 0 | AB41: =IF(E41=0,0,E41*VLOOKUP("Backend-разработчик",'Ставки профессий'!$A:$B,2,FALSE))
A42: 3 | B42: Разработка | D42: 0 | E42: 0 | F42: 0 | G42: 0 | H42: 0 | I42: 0 | J42: 0 | K42: 0 | L42: 0 | M42: 0 | N42: 0 | O42: 0 | P42: 0 | Q42: 0 | R42: 0 | S42: 0 | T42: 0 | U42: 0 | V42: 0 | W42: 0 | X42: 0 | Y42: 0 | Z42: 0 | AA42: 0 | AB42: 0
A43: 3.1 | B43: Разработка подсистемы обработки и хранения | D43: 0 | E43: 60 | F43: 60 | G43: 0 | H43: 0 | I43: 0 | J43: 0 | K43: 0 | L43: 0 | M43: 0 | N43: 0 | O43: 0 | P43: 0 | Q43: 0 | R43: 0 | S43: 0 | T43: 0 | U43: 0 | V43: 0 | W43: 0 | X43: 0 | Y43: 0 | Z43: 0 | AA43: 0 | AB43: =IF(E43=0,0,E43*VLOOKUP("Backend-разработчик",'Ставки профессий'!$A:$B,2,FALSE))+IF(F43=0,0,F43*VLOOKUP("Data Engineer",'Ставки профессий'!$A:$B,2,FALSE))
A44: 3.1.1 | B44: Проектирование и реализация слоя Сырого ядра (Raw Data Vault) | C44: 🔄 | D44: 0 | E44: 0 | F44: 16 | G44: 0 | H44: 0 | I44: 0 | J44: 0 | K44: 0 | L44: 0 | M44: 0 | N44: 0 | O44: 0 | P44: 0 | Q44: 0 | R44: 0 | S44: 0 | T44: 0 | U44: 0 | V44: 0 | W44: 0 | X44: 0 | Y44: 0 | Z44: 0 | AA44: 0 | AB44: =IF(F44=0,0,F44*VLOOKUP("Data Engineer",'Ставки профессий'!$A:$B,2,FALSE))
A45: 3.1.2 | B45: Реализация Оперативного склада реляционных данных | C45: 🔄 | D45: 0 | E45: 0 | F45: 24 | G45: 0 | H45: 0 | I45: 0 | J45: 0 | K45: 0 | L45: 0 | M45: 0 | N45: 0 | O45: 0 | P45: 0 | Q45: 0 | R45: 0 | S45: 0 | T45: 0 | U45: 0 | V45: 0 | W45: 0 | X45: 0 | Y45: 0 | Z45: 0 | AA45: 0 | AB45: =IF(F45=0,0,F45*VLOOKUP("Data Engineer",'Ставки профессий'!$A:$B,2,FALSE))
A46: 3.1.3 | B46: Разработка ETL-модулей загрузки и трансформации данных | D46: 0 | E46: 16 | F46: 16 | G46: 0 | H46: 0 | I46: 0 | J46: 0 | K46: 0 | L46: 0 | M46: 0 | N46: 0 | O46: 0 | P46: 0 | Q46: 0 | R46: 0 | S46: 0 | T46: 0 | U46: 0 | V46: 0 | W46: 0 | X46: 0 | Y46: 0 | Z46: 0 | AA46: 0 | AB46: =IF(E46=0,0,E46*VLOOKUP("Backend-разработчик",'Ставки профессий'!$A:$B,2,FALSE))+IF(F46=0,0,F46*VLOOKUP("Data Engineer",'Ставки профессий'!$A:$B,2,FALSE))
A47: 3.1.4 | B47: Реализация слоя Business Data Vault | D47: 0 | E47: 0 | F47: 30 | G47: 0 | H47: 0 | I47: 0 | J47: 0 | K47: 0 | L47: 0 | M47: 0 | N47: 0 | O47: 0 | P47: 0 | Q47: 0 | R47: 0 | S47: 0 | T47: 0 | U47: 0 | V47: 0 | W47: 0 | X47: 0 | Y47: 0 | Z47: 0 | AA47: 0 | AB47: =IF(F47=0,0,F47*VLOOKUP("Data Engineer",'Ставки профессий'!$A:$B,2,FALSE))
A48: 3.1.5 | B48: Настройка механизмов архивации данных с 6-летним сроком хранения | D48: 0 | E48: 9 | F48: 9 | G48: 0 | H48: 0 | I48: 0 | J48: 0 | K48: 0 | L48: 0 | M48: 0 | N48: 0 | O48: 0 | P48: 0 | Q48: 0 | R48: 0 | S48: 0 | T48: 0 | U48: 0 | V48: 0 | W48: 0 | X48: 0 | Y48: 0 | Z48: 0 | AA48: 0 | AB48: =IF(E48=0,0,E48*VLOOKUP("Backend-разработчик",'Ставки профессий'!$A:$B,2,FALSE))+IF(F48=0,0,F48*VLOOKUP("Data Engineer",'Ставки профессий'!$A:$B,2,FALSE))
A49: 3.2 | B49: Разработка витрин данных и аналитики | C49: 🔄 | D49: 57 | E49: 0 | F49: 57 | G49: 0 | H49: 0 | I49: 0 | J49: 0 | K49: 0 | L49: 0 | M49: 0 | N49: 0 | O49: 0 | P49: 0 | Q49: 0 | R49: 0 | S49: 0 | T49: 0 | U49: 0 | V49: 0 | W49: 0 | X49: 0 | Y49: 0 | Z49: 0 | AA49: 0 | AB49: =IF(D49=0,0,D49*VLOOKUP("BI-разработчик",'Ставки профессий'!$A:$B,2,FALSE))+IF(F49=0,0,F49*VLOOKUP("Data Engineer",'Ставки профессий'!$A:$B,2,FALSE))
A50: 3.2.1 | B50: Проектирование схем предметно-ориентированных витрин | C50: 🔄 | D50: 0 | E50: 0 | F50: 12 | G50: 0 | H50: 0 | I50: 0 | J50: 0 | K50: 0 | L50: 0 | M50: 0 | N50: 0 | O50: 0 | P50: 0 | Q50: 0 | R50: 0 | S50: 0 | T50: 0 | U50: 0 | V50: 0 | W50: 0 | X50: 0 | Y50: 0 | Z50: 0 | AA50: 0 | AB50: =IF(F50=0,0,F50*VLOOKUP("Data Engineer",'Ставки профессий'!$A:$B,2,FALSE))
A51: 3.2.2 | B51: Реализация ETL-процессов наполнения витрин | D51: 0 | E51: 0 | F51: 24 | G51: 0 | H51: 0 | I51: 0 | J51: 0 | K51: 0 | L51: 0 | M51: 0 | N51: 0 | O51: 0 | P51: 0 | Q51: 0 | R51: 0 | S51: 0 | T51: 0 | U51: 0 | V51: 0 | W51: 0 | X51: 0 | Y51: 0 | Z51: 0 | AA51: 0 | AB51: =IF(F51=0,0,F51*VLOOKUP("Data Engineer",'Ставки профессий'!$A:$B,2,FALSE))
A52: 3.2.3 | B52: Разработка оперативных витрин данных | C52: 🔄 | D52: 0 | E52: 0 | F52: 32 | G52: 0 | H52: 0 | I52: 0 | J52: 0 | K52: 0 | L52: 0 | M52: 0 | N52: 0 | O52: 0 | P52: 0 | Q52: 0 | R52: 0 | S52: 0 | T52: 0 | U52: 0 | V52: 0 | W52: 0 | X52: 0 | Y52: 0 | Z52: 0 | AA52: 0 | AB52: =IF(F52=0,0,F52*VLOOKUP("Data Engineer",'Ставки профессий'!$A:$B,2,FALSE))
A53: 3.2.4 | B53: Настройка сервиса ускорения аналитических запросов | D53: 0 | E53: 0 | F53: 28 | G53: 0 | H53: 0 | I53: 0 | J53: 0 | K53: 0 | L53: 0 | M53: 0 | N53: 0 | O53: 0 | P53: 0 | Q53: 0 | R53: 0 | S53: 0 | T53: 0 | U53: 0 | V53: 0 | W53: 0 | X53: 0 | Y53: 0 | Z53: 0 | AA53: 0 | AB53: =IF(F53=0,0,F53*VLOOKUP("Data Engineer",'Ставки профессий'!$A:$B,2,FALSE))
A54: 3.2.5 | B54: Создание BI-представлений и аналитических отчётов | D54: 18 | E54: 0 | F54: 0 | G54: 0 | H54: 0 | I54: 0 | J54: 0 | K54: 0 | L54: 0 | M54: 0 | N54: 0 | O54: 0 | P54: 0 | Q54: 0 | R54: 0 | S54: 0 | T54: 0 | U54: 0 | V54: 0 | W54: 0 | X54: 0 | Y54: 0 | Z54: 0 | AA54: 0 | AB54: =IF(D54=0,0,D54*VLOOKUP("BI-разработчик",'Ставки профессий'!$A:$B,2,FALSE))
A55: 3.3 | B55: Разработка сервисов БД | C55: 🔄 | D55: 0 | E55: 60 | F55: 0 | G55: 0 | H55: 0 | I55: 0 | J55: 0 | K55: 60 | L55: 0 | M55: 0 | N55: 0 | O55: 0 | P55: 0 | Q55: 0 | R55: 0 | S55: 0 | T55: 0 | U55: 0 | V55: 0 | W55: 0 | X55: 0 | Y55: 0 | Z55: 0 | AA55: 0 | AB55: =IF(E55=0,0,E55*VLOOKUP("Backend-разработчик",'Ставки профессий'!$A:$B,2,FALSE))+IF(K55=0,0,K55*VLOOKUP("Администратор БД",'Ставки профессий'!$A:$B,2,FALSE))
A56: 3.3.1 | B56: Разработка API управления жизненным циклом БД | C56: 🔄 | D56: 0 | E56: 16 | F56: 0 | G56: 0 | H56: 0 | I56: 0 | J56: 0 | K56: 0 | L56: 0 | M56: 0 | N56: 0 | O56: 0 | P56: 0 | Q56: 0 | R56: 0 | S56: 0 | T56: 0 | U56: 0 | V56: 0 | W56: 0 | X56: 0 | Y56: 0 | Z56: 0 | AA56: 0 | AB56: =IF(E56=0,0,E56*VLOOKUP("Backend-разработчик",'Ставки профессий'!$A:$B,2,FALSE))
A57: 3.3.2 | B57: Реализация модуля провиженинга Postgres Pro | C57: 🔄 | D57: 0 | E57: 20 | F57: 0 | G57: 0 | H57: 0 | I57: 0 | J57: 0 | K57: 20 | L57: 0 | M57: 0 | N57: 0 | O57: 0 | P57: 0 | Q57: 0 | R57: 0 | S57: 0 | T57: 0 | U57: 0 | V57: 0 | W57: 0 | X57: 0 | Y57: 0 | Z57: 0 | AA57: 0 | AB57: =IF(E57=0,0,E57*VLOOKUP("Backend-разработчик",'Ставки профессий'!$A:$B,2,FALSE))+IF(K57=0,0,K57*VLOOKUP("Администратор БД",'Ставки профессий'!$A:$B,2,FALSE))
A58: 3.3.3 | B58: Настройка репликации и катастрофоустойчивости | D58: 0 | E58: 0 | F58: 0 | G58: 0 | H58: 0 | I58: 0 | J58: 0 | K58: 16 | L58: 0 | M58: 0 | N58: 0 | O58: 0 | P58: 0 | Q58: 0 | R58: 0 | S58: 0 | T58: 0 | U58: 0 | V58: 0 | W58: 0 | X58: 0 | Y58: 0 | Z58: 0 | AA58: 0 | AB58: =IF(K58=0,0,K58*VLOOKUP("Администратор БД",'Ставки профессий'!$A:$B,2,FALSE))
A59: 3.3.4 | B59: Разработка модуля резервного копирования | C59: 🔄 | D59: 0 | E59: 0 | F59: 0 | G59: 0 | H59: 0 | I59: 0 | J59: 0 | K59: 24 | L59: 0 | M59: 0 | N59: 0 | O59: 0 | P59: 0 | Q59: 0 | R59: 0 | S59: 0 | T59: 0 | U59: 0 | V59: 0 | W59: 0 | X59: 0 | Y59: 0 | Z59: 0 | AA59: 0 | AB59: =IF(K59=0,0,K59*VLOOKUP("Администратор БД",'Ставки профессий'!$A:$B,2,FALSE))
A60: 3.3.5 | B60: Интеграция с системой мониторинга | C60: 🔄 | D60: 0 | E60: 24 | F60: 0 | G60: 0 | H60: 0 | I60: 0 | J60: 0 | K60: 0 | L60: 0 | M60: 0 | N60: 0 | O60: 0 | P60: 0 | Q60: 0 | R60: 0 | S60: 0 | T60: 0 | U60: 0 | V60: 0 | W60: 0 | X60: 0 | Y60: 0 | Z60: 0 | AA60: 0 | AB60: =IF(E60=0,0,E60*VLOOKUP("Backend-разработчик",'Ставки профессий'!$A:$B,2,FALSE))
A61: 3.4 | B61: Разработка модуля безопасности | C61: 🔄 | D61: 0 | E61: 10 | F61: 0 | G61: 0 | H61: 0 | I61: 0 | J61: 0 | K61: 0 | L61: 0 | M61: 0 | N61: 0 | O61: 0 | P61: 0 | Q61: 0 | R61: 0 | S61: 0 | T61: 0 | U61: 0 | V61: 0 | W61: 0 | X61: 0 | Y61: 10 | Z61: 0 | AA61: 0 | AB61: =IF(E61=0,0,E61*VLOOKUP("Backend-разработчик",'Ставки профессий'!$A:$B,2,FALSE))+IF(Y61=0,0,Y61*VLOOKUP("Специалист ИБ",'Ставки профессий'!$A:$B,2,FALSE))
A62: 3.4.1 | B62: Подготовка пакета работ | D62: 0 | E62: 2 | F62: 0 | G62: 0 | H62: 0 | I62: 0 | J62: 0 | K62: 0 | L62: 0 | M62: 0 | N62: 0 | O62: 0 | P62: 0 | Q62: 0 | R62: 0 | S62: 0 | T62: 0 | U62: 0 | V62: 0 | W62: 0 | X62: 0 | Y62: 2 | Z62: 0 | AA62: 0 | AB62: =IF(E62=0,0,E62*VLOOKUP("Backend-разработчик",'Ставки профессий'!$A:$B,2,FALSE))+IF(Y62=0,0,Y62*VLOOKUP("Специалист ИБ",'Ставки профессий'!$A:$B,2,FALSE))
A63: 3.4.2 | B63: Реализация основного объема работ | D63: 0 | E63: 6 | F63: 0 | G63: 0 | H63: 0 | I63: 0 | J63: 0 | K63: 0 | L63: 0 | M63: 0 | N63: 0 | O63: 0 | P63: 0 | Q63: 0 | R63: 0 | S63: 0 | T63: 0 | U63: 0 | V63: 0 | W63: 0 | X63: 0 | Y63: 6 | Z63: 0 | AA63: 0 | AB63: =IF(E63=0,0,E63*VLOOKUP("Backend-разработчик",'Ставки профессий'!$A:$B,2,FALSE))+IF(Y63=0,0,Y63*VLOOKUP("Специалист ИБ",'Ставки профессий'!$A:$B,2,FALSE))
A64: 3.4.3 | B64: Проверка и фиксация результата | D64: 0 | E64: 2 | F64: 0 | G64: 0 | H64: 0 | I64: 0 | J64: 0 | K64: 0 | L64: 0 | M64: 0 | N64: 0 | O64: 0 | P64: 0 | Q64: 0 | R64: 0 | S64: 0 | T64: 0 | U64: 0 | V64: 0 | W64: 0 | X64: 0 | Y64: 2 | Z64: 0 | AA64: 0 | AB64: =IF(E64=0,0,E64*VLOOKUP("Backend-разработчик",'Ставки профессий'!$A:$B,2,FALSE))+IF(Y64=0,0,Y64*VLOOKUP("Специалист ИБ",'Ставки профессий'!$A:$B,2,FALSE))
A65: 3.5 | B65: Разработка интеграционных модулей | C65: 🔄 | D65: 0 | E65: 30 | F65: 0 | G65: 0 | H65: 0 | I65: 0 | J65: 0 | K65: 0 | L65: 0 | M65: 0 | N65: 0 | O65: 0 | P65: 0 | Q65: 0 | R65: 0 | S65: 0 | T65: 0 | U65: 0 | V65: 30 | W65: 0 | X65: 0 | Y65: 0 | Z65: 0 | AA65: 0 | AB65: =IF(E65=0,0,E65*VLOOKUP("Backend-разработчик",'Ставки профессий'!$A:$B,2,FALSE))+IF(V65=0,0,V65*VLOOKUP("Интеграционный разработчик",'Ставки профессий'!$A:$B,2,FALSE))
A66: 3.5.1 | B66: Подготовка пакета работ | D66: 0 | E66: 10 | F66: 0 | G66: 0 | H66: 0 | I66: 0 | J66: 0 | K66: 0 | L66: 0 | M66: 0 | N66: 0 | O66: 0 | P66: 0 | Q66: 0 | R66: 0 | S66: 0 | T66: 0 | U66: 0 | V66: 10 | W66: 0 | X66: 0 | Y66: 0 | Z66: 0 | AA66: 0 | AB66: =IF(E66=0,0,E66*VLOOKUP("Backend-разработчик",'Ставки профессий'!$A:$B,2,FALSE))+IF(V66=0,0,V66*VLOOKUP("Интеграционный разработчик",'Ставки профессий'!$A:$B,2,FALSE))
A67: 3.5.2 | B67: Реализация основного объема работ | D67: 0 | E67: 12 | F67: 0 | G67: 0 | H67: 0 | I67: 0 | J67: 0 | K67: 0 | L67: 0 | M67: 0 | N67: 0 | O67: 0 | P67: 0 | Q67: 0 | R67: 0 | S67: 0 | T67: 0 | U67: 0 | V67: 12 | W67: 0 | X67: 0 | Y67: 0 | Z67: 0 | AA67: 0 | AB67: =IF(E67=0,0,E67*VLOOKUP("Backend-разработчик",'Ставки профессий'!$A:$B,2,FALSE))+IF(V67=0,0,V67*VLOOKUP("Интеграционный разработчик",'Ставки профессий'!$A:$B,2,FALSE))
A68: 3.5.3 | B68: Проверка и фиксация результата | D68: 0 | E68: 8 | F68: 0 | G68: 0 | H68: 0 | I68: 0 | J68: 0 | K68: 0 | L68: 0 | M68: 0 | N68: 0 | O68: 0 | P68: 0 | Q68: 0 | R68: 0 | S68: 0 | T68: 0 | U68: 0 | V68: 8 | W68: 0 | X68: 0 | Y68: 0 | Z68: 0 | AA68: 0 | AB68: =IF(E68=0,0,E68*VLOOKUP("Backend-разработчик",'Ставки профессий'!$A:$B,2,FALSE))+IF(V68=0,0,V68*VLOOKUP("Интеграционный разработчик",'Ставки профессий'!$A:$B,2,FALSE))
A69: 3.6 | B69: Реализация операционных функций | C69: 🔄 | D69: 0 | E69: 43 | F69: 0 | G69: 43 | H69: 0 | I69: 0 | J69: 0 | K69: 0 | L69: 0 | M69: 0 | N69: 0 | O69: 0 | P69: 0 | Q69: 0 | R69: 0 | S69: 0 | T69: 0 | U69: 0 | V69: 0 | W69: 0 | X69: 0 | Y69: 0 | Z69: 0 | AA69: 0 | AB69: =IF(E69=0,0,E69*VLOOKUP("Backend-разработчик",'Ставки профессий'!$A:$B,2,FALSE))+IF(G69=0,0,G69*VLOOKUP("DevOps",'Ставки профессий'!$A:$B,2,FALSE))
A70: 3.6.1 | B70: Разработка модуля ежедневного резервного копирования | C70: 🔄 | D70: 0 | E70: 8 | F70: 0 | G70: 8 | H70: 0 | I70: 0 | J70: 0 | K70: 0 | L70: 0 | M70: 0 | N70: 0 | O70: 0 | P70: 0 | Q70: 0 | R70: 0 | S70: 0 | T70: 0 | U70: 0 | V70: 0 | W70: 0 | X70: 0 | Y70: 0 | Z70: 0 | AA70: 0 | AB70: =IF(E70=0,0,E70*VLOOKUP("Backend-разработчик",'Ставки профессий'!$A:$B,2,FALSE))+IF(G70=0,0,G70*VLOOKUP("DevOps",'Ставки профессий'!$A:$B,2,FALSE))
A71: 3.6.2 | B71: Интеграция бэкапа перед обновлениями | D71: 0 | E71: 6 | F71: 0 | G71: 6 | H71: 0 | I71: 0 | J71: 0 | K71: 0 | L71: 0 | M71: 0 | N71: 0 | O71: 0 | P71: 0 | Q71: 0 | R71: 0 | S71: 0 | T71: 0 | U71: 0 | V71: 0 | W71: 0 | X71: 0 | Y71: 0 | Z71: 0 | AA71: 0 | AB71: =IF(E71=0,0,E71*VLOOKUP("Backend-разработчик",'Ставки профессий'!$A:$B,2,FALSE))+IF(G71=0,0,G71*VLOOKUP("DevOps",'Ставки профессий'!$A:$B,2,FALSE))
A72: 3.6.3 | B72: Разработка службы уведомлений о регламентных работах | C72: 🔄 | D72: 0 | E72: 16 | F72: 0 | G72: 0 | H72: 0 | I72: 0 | J72: 0 | K72: 0 | L72: 0 | M72: 0 | N72: 0 | O72: 0 | P72: 0 | Q72: 0 | R72: 0 | S72: 0 | T72: 0 | U72: 0 | V72: 0 | W72: 0 | X72: 0 | Y72: 0 | Z72: 0 | AA72: 0 | AB72: =IF(E72=0,0,E72*VLOOKUP("Backend-разработчик",'Ставки профессий'!$A:$B,2,FALSE))
A73: 3.6.4 | B73: Реализация асинхронного доступа к данным | C73: 🔄 | D73: 0 | E73: 24 | F73: 0 | G73: 0 | H73: 0 | I73: 0 | J73: 0 | K73: 0 | L73: 0 | M73: 0 | N73: 0 | O73: 0 | P73: 0 | Q73: 0 | R73: 0 | S73: 0 | T73: 0 | U73: 0 | V73: 0 | W73: 0 | X73: 0 | Y73: 0 | Z73: 0 | AA73: 0 | AB73: =IF(E73=0,0,E73*VLOOKUP("Backend-разработчик",'Ставки профессий'!$A:$B,2,FALSE))
A74: 3.6.5 | B74: Тестирование операционных функций | D74: 0 | E74: 18 | F74: 0 | G74: 0 | H74: 0 | I74: 0 | J74: 0 | K74: 0 | L74: 0 | M74: 0 | N74: 0 | O74: 0 | P74: 0 | Q74: 0 | R74: 0 | S74: 0 | T74: 0 | U74: 0 | V74: 0 | W74: 0 | X74: 0 | Y74: 0 | Z74: 0 | AA74: 0 | AB74: =IF(E74=0,0,E74*VLOOKUP("Backend-разработчик",'Ставки профессий'!$A:$B,2,FALSE))
A75: 4 | B75: Тестирование | D75: 0 | E75: 0 | F75: 0 | G75: 0 | H75: 0 | I75: 0 | J75: 0 | K75: 0 | L75: 0 | M75: 0 | N75: 0 | O75: 0 | P75: 0 | Q75: 0 | R75: 0 | S75: 0 | T75: 0 | U75: 0 | V75: 0 | W75: 0 | X75: 0 | Y75: 0 | Z75: 0 | AA75: 0 | AB75: 0
A76: 4.1 | B76: Функциональное тестирование | D76: 0 | E76: 0 | F76: 0 | G76: 0 | H76: 0 | I76: 0 | J76: 31 | K76: 0 | L76: 0 | M76: 0 | N76: 0 | O76: 0 | P76: 0 | Q76: 0 | R76: 0 | S76: 0 | T76: 0 | U76: 0 | V76: 0 | W76: 0 | X76: 0 | Y76: 0 | Z76: 31 | AA76: 0 | AB76: =IF(J76=0,0,J76*VLOOKUP("QA-инженер",'Ставки профессий'!$A:$B,2,FALSE))+IF(Z76=0,0,Z76*VLOOKUP("Тестировщик",'Ставки профессий'!$A:$B,2,FALSE))
A77: 4.1.1 | B77: Разработка тест-кейсов и сценариев | D77: 0 | E77: 0 | F77: 0 | G77: 0 | H77: 0 | I77: 0 | J77: 12 | K77: 0 | L77: 0 | M77: 0 | N77: 0 | O77: 0 | P77: 0 | Q77: 0 | R77: 0 | S77: 0 | T77: 0 | U77: 0 | V77: 0 | W77: 0 | X77: 0 | Y77: 0 | Z77: 0 | AA77: 0 | AB77: =IF(J77=0,0,J77*VLOOKUP("QA-инженер",'Ставки профессий'!$A:$B,2,FALSE))
A78: 4.1.2 | B78: Подготовка тестовых данных | D78: 0 | E78: 0 | F78: 0 | G78: 0 | H78: 0 | I78: 0 | J78: 0 | K78: 0 | L78: 0 | M78: 0 | N78: 0 | O78: 0 | P78: 0 | Q78: 0 | R78: 0 | S78: 0 | T78: 0 | U78: 0 | V78: 0 | W78: 0 | X78: 0 | Y78: 0 | Z78: 12 | AA78: 0 | AB78: =IF(Z78=0,0,Z78*VLOOKUP("Тестировщик",'Ставки профессий'!$A:$B,2,FALSE))
A79: 4.1.3 | B79: Выполнение функциональных тестов | D79: 0 | E79: 0 | F79: 0 | G79: 0 | H79: 0 | I79: 0 | J79: 8 | K79: 0 | L79: 0 | M79: 0 | N79: 0 | O79: 0 | P79: 0 | Q79: 0 | R79: 0 | S79: 0 | T79: 0 | U79: 0 | V79: 0 | W79: 0 | X79: 0 | Y79: 0 | Z79: 8 | AA79: 0 | AB79: =IF(J79=0,0,J79*VLOOKUP("QA-инженер",'Ставки профессий'!$A:$B,2,FALSE))+IF(Z79=0,0,Z79*VLOOKUP("Тестировщик",'Ставки профессий'!$A:$B,2,FALSE))
A80: 4.1.4 | B80: Формирование протоколов испытаний | D80: 0 | E80: 0 | F80: 0 | G80: 0 | H80: 0 | I80: 0 | J80: 14 | K80: 0 | L80: 0 | M80: 0 | N80: 0 | O80: 0 | P80: 0 | Q80: 0 | R80: 0 | S80: 0 | T80: 0 | U80: 0 | V80: 0 | W80: 0 | X80: 0 | Y80: 0 | Z80: 0 | AA80: 0 | AB80: =IF(J80=0,0,J80*VLOOKUP("QA-инженер",'Ставки профессий'!$A:$B,2,FALSE))
A81: 4.1.5 | B81: Составление отчетов о тестировании | D81: 0 | E81: 0 | F81: 0 | G81: 0 | H81: 0 | I81: 0 | J81: 8 | K81: 0 | L81: 0 | M81: 0 | N81: 0 | O81: 0 | P81: 0 | Q81: 0 | R81: 0 | S81: 0 | T81: 0 | U81: 0 | V81: 0 | W81: 0 | X81: 0 | Y81: 0 | Z81: 0 | AA81: 0 | AB81: =IF(J81=0,0,J81*VLOOKUP("QA-инженер",'Ставки профессий'!$A:$B,2,FALSE))
A82: 4.2 | B82: Нагрузочное и производственное тестирование | C82: 🔄 | D82: 0 | E82: 0 | F82: 0 | G82: 0 | H82: 0 | I82: 10 | J82: 0 | K82: 0 | L82: 0 | M82: 0 | N82: 0 | O82: 0 | P82: 0 | Q82: 0 | R82: 0 | S82: 10 | T82: 0 | U82: 0 | V82: 0 | W82: 0 | X82: 0 | Y82: 0 | Z82: 0 | AA82: 0 | AB82: =IF(I82=0,0,I82*VLOOKUP("Performance Engineer",'Ставки профессий'!$A:$B,2,FALSE))+IF(S82=0,0,S82*VLOOKUP("Инженер по нагрузке",'Ставки профессий'!$A:$B,2,FALSE))
A83: 4.2.1 | B83: Подготовка пакета работ | D83: 0 | E83: 0 | F83: 0 | G83: 0 | H83: 0 | I83: 2 | J83: 0 | K83: 0 | L83: 0 | M83: 0 | N83: 0 | O83: 0 | P83: 0 | Q83: 0 | R83: 0 | S83: 2 | T83: 0 | U83: 0 | V83: 0 | W83: 0 | X83: 0 | Y83: 0 | Z83: 0 | AA83: 0 | AB83: =IF(I83=0,0,I83*VLOOKUP("Performance Engineer",'Ставки профессий'!$A:$B,2,FALSE))+IF(S83=0,0,S83*VLOOKUP("Инженер по нагрузке",'Ставки профессий'!$A:$B,2,FALSE))
A84: 4.2.2 | B84: Реализация основного объема работ | D84: 0 | E84: 0 | F84: 0 | G84: 0 | H84: 0 | I84: 6 | J84: 0 | K84: 0 | L84: 0 | M84: 0 | N84: 0 | O84: 0 | P84: 0 | Q84: 0 | R84: 0 | S84: 6 | T84: 0 | U84: 0 | V84: 0 | W84: 0 | X84: 0 | Y84: 0 | Z84: 0 | AA84: 0 | AB84: =IF(I84=0,0,I84*VLOOKUP("Performance Engineer",'Ставки профессий'!$A:$B,2,FALSE))+IF(S84=0,0,S84*VLOOKUP("Инженер по нагрузке",'Ставки профессий'!$A:$B,2,FALSE))
A85: 4.2.3 | B85: Проверка и фиксация результата | D85: 0 | E85: 0 | F85: 0 | G85: 0 | H85: 0 | I85: 2 | J85: 0 | K85: 0 | L85: 0 | M85: 0 | N85: 0 | O85: 0 | P85: 0 | Q85: 0 | R85: 0 | S85: 2 | T85: 0 | U85: 0 | V85: 0 | W85: 0 | X85: 0 | Y85: 0 | Z85: 0 | AA85: 0 | AB85: =IF(I85=0,0,I85*VLOOKUP("Performance Engineer",'Ставки профессий'!$A:$B,2,FALSE))+IF(S85=0,0,S85*VLOOKUP("Инженер по нагрузке",'Ставки профессий'!$A:$B,2,FALSE))
A86: 4.3 | B86: Тестирование отказоустойчивости и восстановления | C86: 🔄 | D86: 0 | E86: 0 | F86: 0 | G86: 42 | H86: 0 | I86: 0 | J86: 0 | K86: 0 | L86: 0 | M86: 0 | N86: 0 | O86: 0 | P86: 0 | Q86: 0 | R86: 42 | S86: 0 | T86: 0 | U86: 0 | V86: 0 | W86: 0 | X86: 0 | Y86: 0 | Z86: 0 | AA86: 0 | AB86: =IF(G86=0,0,G86*VLOOKUP("DevOps",'Ставки профессий'!$A:$B,2,FALSE))+IF(R86=0,0,R86*VLOOKUP("Инженер надежности",'Ставки профессий'!$A:$B,2,FALSE))
A87: 4.3.1 | B87: Разработка сценариев DR-тестирования | C87: 🔄 | D87: 0 | E87: 0 | F87: 0 | G87: 6 | H87: 0 | I87: 0 | J87: 0 | K87: 0 | L87: 0 | M87: 0 | N87: 0 | O87: 0 | P87: 0 | Q87: 0 | R87: 6 | S87: 0 | T87: 0 | U87: 0 | V87: 0 | W87: 0 | X87: 0 | Y87: 0 | Z87: 0 | AA87: 0 | AB87: =IF(G87=0,0,G87*VLOOKUP("DevOps",'Ставки профессий'!$A:$B,2,FALSE))+IF(R87=0,0,R87*VLOOKUP("Инженер надежности",'Ставки профессий'!$A:$B,2,FALSE))
A88: 4.3.2 | B88: Подготовка тестовой среды для failover-тестов | C88: 🔄 | D88: 0 | E88: 0 | F88: 0 | G88: 16 | H88: 0 | I88: 0 | J88: 0 | K88: 0 | L88: 0 | M88: 0 | N88: 0 | O88: 0 | P88: 0 | Q88: 0 | R88: 0 | S88: 0 | T88: 0 | U88: 0 | V88: 0 | W88: 0 | X88: 0 | Y88: 0 | Z88: 0 | AA88: 0 | AB88: =IF(G88=0,0,G88*VLOOKUP("DevOps",'Ставки профессий'!$A:$B,2,FALSE))
A89: 4.3.3 | B89: Тестирование восстановления критичных компонентов | D89: 0 | E89: 0 | F89: 0 | G89: 12 | H89: 0 | I89: 0 | J89: 0 | K89: 0 | L89: 0 | M89: 0 | N89: 0 | O89: 0 | P89: 0 | Q89: 0 | R89: 12 | S89: 0 | T89: 0 | U89: 0 | V89: 0 | W89: 0 | X89: 0 | Y89: 0 | Z89: 0 | AA89: 0 | AB89: =IF(G89=0,0,G89*VLOOKUP("DevOps",'Ставки профессий'!$A:$B,2,FALSE))+IF(R89=0,0,R89*VLOOKUP("Инженер надежности",'Ставки профессий'!$A:$B,2,FALSE))
A90: 4.3.4 | B90: Тестирование катастрофоустойчивости при отказе ЦОД | D90: 0 | E90: 0 | F90: 0 | G90: 10 | H90: 0 | I90: 0 | J90: 0 | K90: 0 | L90: 0 | M90: 0 | N90: 0 | O90: 0 | P90: 0 | Q90: 0 | R90: 10 | S90: 0 | T90: 0 | U90: 0 | V90: 0 | W90: 0 | X90: 0 | Y90: 0 | Z90: 0 | AA90: 0 | AB90: =IF(G90=0,0,G90*VLOOKUP("DevOps",'Ставки профессий'!$A:$B,2,FALSE))+IF(R90=0,0,R90*VLOOKUP("Инженер надежности",'Ставки профессий'!$A:$B,2,FALSE))
A91: 4.3.5 | B91: Документирование плана восстановления и протоколов DR-тестов | D91: 0 | E91: 0 | F91: 0 | G91: 6 | H91: 0 | I91: 0 | J91: 0 | K91: 0 | L91: 0 | M91: 0 | N91: 0 | O91: 0 | P91: 0 | Q91: 0 | R91: 6 | S91: 0 | T91: 0 | U91: 0 | V91: 0 | W91: 0 | X91: 0 | Y91: 0 | Z91: 0 | AA91: 0 | AB91: =IF(G91=0,0,G91*VLOOKUP("DevOps",'Ставки профессий'!$A:$B,2,FALSE))+IF(R91=0,0,R91*VLOOKUP("Инженер надежности",'Ставки профессий'!$A:$B,2,FALSE))
A92: 4.4 | B92: Тестирование безопасности | C92: 🔄 | D92: 0 | E92: 0 | F92: 0 | G92: 0 | H92: 34 | I92: 0 | J92: 0 | K92: 0 | L92: 0 | M92: 0 | N92: 0 | O92: 0 | P92: 0 | Q92: 0 | R92: 0 | S92: 0 | T92: 0 | U92: 0 | V92: 0 | W92: 0 | X92: 0 | Y92: 34 | Z92: 0 | AA92: 0 | AB92: =IF(H92=0,0,H92*VLOOKUP("Pentester",'Ставки профессий'!$A:$B,2,FALSE))+IF(Y92=0,0,Y92*VLOOKUP("Специалист ИБ",'Ставки профессий'!$A:$B,2,FALSE))
A93: 4.4.1 | B93: Анализ уязвимостей аутентификации и авторизации | C93: 🔄 | D93: 0 | E93: 0 | F93: 0 | G93: 0 | H93: 0 | I93: 0 | J93: 0 | K93: 0 | L93: 0 | M93: 0 | N93: 0 | O93: 0 | P93: 0 | Q93: 0 | R93: 0 | S93: 0 | T93: 0 | U93: 0 | V93: 0 | W93: 0 | X93: 0 | Y93: 16 | Z93: 0 | AA93: 0 | AB93: =IF(Y93=0,0,Y93*VLOOKUP("Специалист ИБ",'Ставки профессий'!$A:$B,2,FALSE))
A94: 4.4.2 | B94: Тестирование корректности категоризации данных | D94: 0 | E94: 0 | F94: 0 | G94: 0 | H94: 0 | I94: 0 | J94: 0 | K94: 0 | L94: 0 | M94: 0 | N94: 0 | O94: 0 | P94: 0 | Q94: 0 | R94: 0 | S94: 0 | T94: 0 | U94: 0 | V94: 0 | W94: 0 | X94: 0 | Y94: 16 | Z94: 0 | AA94: 0 | AB94: =IF(Y94=0,0,Y94*VLOOKUP("Специалист ИБ",'Ставки профессий'!$A:$B,2,FALSE))
A95: 4.4.3 | B95: Проверка политик гранулированного доступа | C95: 🔄 | D95: 0 | E95: 0 | F95: 0 | G95: 0 | H95: 0 | I95: 0 | J95: 0 | K95: 0 | L95: 0 | M95: 0 | N95: 0 | O95: 0 | P95: 0 | Q95: 0 | R95: 0 | S95: 0 | T95: 0 | U95: 0 | V95: 0 | W95: 0 | X95: 0 | Y95: 12 | Z95: 0 | AA95: 0 | AB95: =IF(Y95=0,0,Y95*VLOOKUP("Специалист ИБ",'Ставки профессий'!$A:$B,2,FALSE))
A96: 4.4.4 | B96: Пентестинг API и периметра системы | C96: 🔄 | D96: 0 | E96: 0 | F96: 0 | G96: 0 | H96: 16 | I96: 0 | J96: 0 | K96: 0 | L96: 0 | M96: 0 | N96: 0 | O96: 0 | P96: 0 | Q96: 0 | R96: 0 | S96: 0 | T96: 0 | U96: 0 | V96: 0 | W96: 0 | X96: 0 | Y96: 0 | Z96: 0 | AA96: 0 | AB96: =IF(H96=0,0,H96*VLOOKUP("Pentester",'Ставки профессий'!$A:$B,2,FALSE))
A97: 4.4.5 | B97: Аудит системы логирования действий пользователей | C97: 🔄 | D97: 0 | E97: 0 | F97: 0 | G97: 0 | H97: 0 | I97: 0 | J97: 0 | K97: 0 | L97: 0 | M97: 0 | N97: 0 | O97: 0 | P97: 0 | Q97: 0 | R97: 0 | S97: 0 | T97: 0 | U97: 0 | V97: 0 | W97: 0 | X97: 0 | Y97: 8 | Z97: 0 | AA97: 0 | AB97: =IF(Y97=0,0,Y97*VLOOKUP("Специалист ИБ",'Ставки профессий'!$A:$B,2,FALSE))
A98: 5 | B98: Развертывание | D98: 0 | E98: 0 | F98: 0 | G98: 0 | H98: 0 | I98: 0 | J98: 0 | K98: 0 | L98: 0 | M98: 0 | N98: 0 | O98: 0 | P98: 0 | Q98: 0 | R98: 0 | S98: 0 | T98: 0 | U98: 0 | V98: 0 | W98: 0 | X98: 0 | Y98: 0 | Z98: 0 | AA98: 0 | AB98: 0
A99: 5.1 | B99: Развертывание инфраструктуры | D99: 0 | E99: 0 | F99: 0 | G99: 22.7 | H99: 0 | I99: 0 | J99: 0 | K99: 22.7 | L99: 0 | M99: 0 | N99: 0 | O99: 0 | P99: 0 | Q99: 22.7 | R99: 0 | S99: 0 | T99: 0 | U99: 0 | V99: 0 | W99: 0 | X99: 0 | Y99: 0 | Z99: 0 | AA99: 0 | AB99: =IF(G99=0,0,G99*VLOOKUP("DevOps",'Ставки профессий'!$A:$B,2,FALSE))+IF(K99=0,0,K99*VLOOKUP("Администратор БД",'Ставки профессий'!$A:$B,2,FALSE))+IF(Q99=0,0,Q99*VLOOKUP("Инженер инфраструктуры",'Ставки профессий'!$A:$B,2,FALSE))
A100: 5.1.1 | B100: Подготовка серверной инфраструктуры | D100: 0 | E100: 0 | F100: 0 | G100: 0 | H100: 0 | I100: 0 | J100: 0 | K100: 0 | L100: 0 | M100: 0 | N100: 0 | O100: 0 | P100: 0 | Q100: 12 | R100: 0 | S100: 0 | T100: 0 | U100: 0 | V100: 0 | W100: 0 | X100: 0 | Y100: 0 | Z100: 0 | AA100: 0 | AB100: =IF(Q100=0,0,Q100*VLOOKUP("Инженер инфраструктуры",'Ставки профессий'!$A:$B,2,FALSE))
...

Sheet Ставки профессий
A1: Профессия (роль) | B1: Ставка в час (руб)
A2: BI-разработчик | B2: 1000
A3: Backend-разработчик | B3: 1000
A4: Data Engineer | B4: 1000
A5: DevOps | B5: 1000
A6: Pentester | B6: 1000
A7: Performance Engineer | B7: 1000
A8: QA-инженер | B8: 1000
A9: Администратор БД | B9: 1400
A10: Архитектор | B10: 2000
A11: Архитектор ПО | B11: 1000
A12: Архитектор безопасности | B12: 1000
A13: Архитектор данных | B13: 1000
... A38: Тестировщик (QA) | B38: 800
A41: Примечание: Измените ставки на этом листе для автоматического пересчета стоимости на листе WBS.

Sheet Диаграмма Гантта
A1: ID | B1: Название работы | C1: Неделя | D1: Дней | E1: W1 | F1: W2 | G1: W3 | H1: W4 | I1: W5 | J1: W6 | K1: W7 | L1: W8 | M1: W9 | N1: W10 | O1: W11 | P1: W12 | Q1: W13 | R1: W14 | S1: W15
A2: 1 | B2: Планирование и анализ | C2: 1 | D2: 13
A3: 1.1 | B3: Анализ требований и декомпозиция 🔄 | C3: 1 | D3: 13
A4: 1.2 | B4: Планирование инфраструктуры и ресурсов 🔄 | C4: 1 | D4: 5
A5: 1.1.1 | B5: Сбор и анализ функциональных требований 🔄 | C5: 1 | D5: 2
A6: 1.1.2 | B6: Анализ нефункциональных требований и ограничений 🔄 | C6: 1 | D6: 2
A7: 1.1.3 | B7: Формирование структуры ТЗ согласно 644-П 🔄 | C7: 1 | D7: 2
A8: 1.2.1 | B8: Анализ требований к инфраструктуре зон развертывания 🔄 | C8: 1 | D8: 1
A9: 1.2.4 | B9: Составление карты компетенций поддержки 🔄 | C9: 1 | D9: 2
A10: 1.2.2 | B10: Расчет ресурсов для обеспечения RPO/RTO | C10: 1 | D10: 2
A11: 1.1.4 | B11: Разработка разделов ТЗ | C11: 1 | D11: 4
A12: 1.2.3 | B12: Планирование катастрофоустойчивости | C12: 1 | D12: 1
A13: 1.2.5 | B13: Формирование плана инфраструктуры | C13: 1 | D13: 1
... A117: 5.2.6 | B117: Проведение приемочных испытаний развертывания | C117: 15 | D117: 2
A120: Легенда:
A121: ■ | B121: Фаза
A122: ■ | B122: Пакет работ (последовательно)
A123: ■ | B123: Пакет работ (параллельно) 🔄
A124: ■ | B124: Задача (последовательно)
A125: ■ | B125: Задача (параллельно) 🔄
A127: Примечание: W = рабочая неделя (5 дней). 🔄 = может выполняться параллельно с другими задачами. Параллельные задачи начинаются одновременно.
